RecordNo,PHYLO,HODGES,FAMILY,SUBFAMILY,GENUS,SPECIES,DET,COUNTRY,STATE,COUNTY,LOCATION,DATE,YEAR,QUANTITY,STAGE,REARED,LEG,EXCOLLN,DEPOSITED,PHOTOS,NOTE
46711,*,2077,GELECHIIDAE,GELECHIINAE,Chionodes,formosella,"Murtfeldt, Mary E.",U.S.A.,Missouri,Saint Louis,Kirkwood,,1881,,,,"Murtfeldt, M.",,,,"Can.Ent.13:243,1881.  O.D. of Gelechia formosella.  (Imago rare in mid-June) Laurel oak (Rolling in leaves) Larval description."
46712,*,2077,GELECHIIDAE,GELECHIINAE,Chionodes,formosella,"Murtfeldt, Mary E.",U.S.A.,Missouri,Saint Louis,Kirkwood,,1903,,,,,,United States National Museum,,"Proc.U.S.N.M.25:884,1903. Cotypes In U.S.N.M.  Oak."
46713,*,2077,GELECHIIDAE,GELECHIINAE,Chionodes,formosella,"Murtfeldt, Mary E.",U.S.A.,Missouri,Saint Louis,Kirkwood,,1883,,,,"Murtfeldt, M.",,,,"Can.Ent.15:139,1883.  Gelechia vernella replacement name for G. formosella which was preoccupied by a European species."
46714,*,2077,GELECHIIDAE,GELECHIINAE,Chionodes,formosella,"Murtfeldt, Mary E.",U.S.A.,Missouri,State,State,,1,,,,,,,,Proc.U.S.N.M. Bull.#52:514.
46883,*,2104,GELECHIIDAE,GELECHIINAE,Chionodes,pereyra,,U.S.A.,Missouri,Boone,Ashland Wildlife Area,315,1977,1M,,,,,"Heitzman, J. Richard",,
46885,*,2104,GELECHIIDAE,GELECHIINAE,Chionodes,pereyra,,U.S.A.,Missouri,Franklin,Meramec State Park,812,1972,1F,,,,,"Heitzman, J. Richard",,
46886,*,2104,GELECHIIDAE,GELECHIINAE,Chionodes,pereyra,,U.S.A.,Missouri,Jasper,"Sarcoxie, 5 miles NW of",628,1975,1M,,,,,"Heitzman, J. Richard",,
46884,*,2104,GELECHIIDAE,GELECHIINAE,Chionodes,pereyra,,U.S.A.,Missouri,Randolph,Rudolf Bennitt Wildlife Area,724,1971,1M,,,,,"Heitzman, J. Richard",,
46887,*,2104,GELECHIIDAE,GELECHIINAE,Chionodes,pereyra,,U.S.A.,Missouri,Saint Genevieve,Hawn State Park,612,1981,1M,,,,,"Heitzman, J. Richard",,
46658,*,2120.4,GELECHIIDAE,GELECHIINAE,Chionodes,adamas,"Hodges, R.W. 1997",U.S.A.,Missouri,Barry,Roaring River State Park,416,1980,1M,,,"Heitzman, J. Richard",,,,Paratype.
46659,*,2120.4,GELECHIIDAE,GELECHIINAE,Chionodes,adamas,"Hodges, R.W. 1997",U.S.A.,Missouri,Benton,Warsaw city park,703,1975,1M,,,"Heitzman, J. Richard",,,,Paratype.
46660,*,2120.4,GELECHIIDAE,GELECHIINAE,Chionodes,adamas,"Hodges, R.W. 1997",U.S.A.,Missouri,Boone,Ashland Wildlife Area,315,1977,,,,"Heitzman, J. Richard",,,,Paratype.
46661,*,2120.4,GELECHIIDAE,GELECHIINAE,Chionodes,adamas,"Hodges, R.W. 1997",U.S.A.,Missouri,Boone,Ashland Wildlife Area,516,1978,1M,L,Y,"Carroll, Mike",,,,Paratype. Larva on white oak. Emgd. 22 June 1978.
46662,*,2120.4,GELECHIIDAE,GELECHIINAE,Chionodes,adamas,"Hodges, R.W. 1997",U.S.A.,Missouri,Boone,Ashland Wildlife Area,516,1978,1M,L,Y,"Carroll, Mike",,,,Paratype. Larva on white oak. Emgd. 9 June 1978.
46663,*,2120.4,GELECHIIDAE,GELECHIINAE,Chionodes,adamas,"Hodges, R.W. 1997",U.S.A.,Missouri,Callaway,Danial Boone State Forest,425,1978,1M,L,Y,"Carroll, Mike",,,,Paratype. Larva on white oak. Emgd. 31 May 1978.
46664,*,2120.4,GELECHIIDAE,GELECHIINAE,Chionodes,adamas,"Hodges, R.W. 1997",U.S.A.,Missouri,Grundy,Crowder State Park,419,1980,1M,,,"Heitzman, J. Richard",,,,Paratype.
46665,*,2120.4,GELECHIIDAE,GELECHIINAE,Chionodes,adamas,"Hodges, R.W. 1997",U.S.A.,Missouri,Randolph,Rudolf Bennitt Wildlife Area,727,1968,1M,,,"Heitzman, J. Richard",,,,Paratype.
46666,*,2120.4,GELECHIIDAE,GELECHIINAE,Chionodes,adamas,"Hodges, R.W. 1997",U.S.A.,Missouri,Randolph,Rudolf Bennitt Wildlife Area,726,1969,1F,,,"Heitzman, J. Richard",,,,Paratype.
46667,*,2120.4,GELECHIIDAE,GELECHIINAE,Chionodes,adamas,"Hodges, R.W. 1997",U.S.A.,Missouri,Saint Louis,Saint Louis,411,1929,1M,,,"O'Byrne, H.I.",,"Heitzman, J. Richard",,Paratype.
46464,*,1857,GELECHIIDAE,GELECHIINAE,Pubitelphusa,latifasciella,,U.S.A.,Missouri,Barry,Roaring River State Park,619,1980,1M,,,"Heitzman, J. Richard",,"Heitzman, J. Richard",,"[As ""Telphusa"" on JRH data card. PEK]"
46426,*,1857,GELECHIIDAE,GELECHIINAE,Pubitelphusa,latifasciella,,U.S.A.,Missouri,Benton,Warsaw,606,1968,,,,"Heitzman, J. Richard",,"Heitzman, J. Richard",,"[As ""Telphusa"" on JRH data card. PEK]"
46427,*,1857,GELECHIIDAE,GELECHIINAE,Pubitelphusa,latifasciella,,U.S.A.,Missouri,Benton,Warsaw,531,1969,1M,,,"Heitzman, J. Richard",,"Heitzman, J. Richard",,"[As ""Telphusa"" on JRH data card. PEK]"
46428,*,1857,GELECHIIDAE,GELECHIINAE,Pubitelphusa,latifasciella,,U.S.A.,Missouri,Benton,Warsaw,710,1971,1F,,,"Heitzman, J. Richard",,"Heitzman, J. Richard",,"[As ""Telphusa"" on JRH data card. PEK]"
46429,*,1857,GELECHIIDAE,GELECHIINAE,Pubitelphusa,latifasciella,,U.S.A.,Missouri,Benton,Warsaw,531,1975,2M,,,"Heitzman, J. Richard",,"Heitzman, J. Richard",,"[As ""Telphusa"" on JRH data card. PEK]"
46430,*,1857,GELECHIIDAE,GELECHIINAE,Pubitelphusa,latifasciella,,U.S.A.,Missouri,Benton,Warsaw,605,1975,1M,,,"Heitzman, J. Richard",,"Heitzman, J. Richard",,"[As ""Telphusa"" on JRH data card. PEK]"
46431,*,1857,GELECHIIDAE,GELECHIINAE,Pubitelphusa,latifasciella,,U.S.A.,Missouri,Benton,"Warsaw, 3 miles NW of",529,1976,1F,,,,,"Dykstra, Michael",,"[As ""Telphusa"" on JRH data card. PEK]"
46433,*,1857,GELECHIIDAE,GELECHIINAE,Pubitelphusa,latifasciella,,U.S.A.,Missouri,Boone,Columbia,524,1971,1M,,,,,"Craig, Wiltred S.",,"[As ""Telphusa"" on JRH data card. PEK]"
46434,*,1857,GELECHIIDAE,GELECHIINAE,Pubitelphusa,latifasciella,,U.S.A.,Missouri,Boone,Ashland Wildlife Area,531,1975,2M,,,,,"Carroll, Mike",,"[As ""Telphusa"" on JRH data card. PEK]"
46465,*,1857,GELECHIIDAE,GELECHIINAE,Pubitelphusa,latifasciella,,U.S.A.,Missouri,Boone,Ashland Wildlife Area,620,1976,3M,,,,,,,"Light trap collections. [As ""Telphusa"" on JRH data card. PEK]"
46466,*,1857,GELECHIIDAE,GELECHIINAE,Pubitelphusa,latifasciella,,U.S.A.,Missouri,Boone,Ashland Wildlife Area,629,1976,2M,,,,,,,"Light trap collections. [As ""Telphusa"" on JRH data card. PEK]"
46467,*,1857,GELECHIIDAE,GELECHIINAE,Pubitelphusa,latifasciella,,U.S.A.,Missouri,Boone,Ashland Wildlife Area,701,1976,1M,,,,,,,"Light trap collections. [As ""Telphusa"" on JRH data card. PEK]"
46468,*,1857,GELECHIIDAE,GELECHIINAE,Pubitelphusa,latifasciella,,U.S.A.,Missouri,Boone,Ashland Wildlife Area,704,1976,2M,,,,,,,"Light trap collections. [As ""Telphusa"" on JRH data card. PEK]"
46469,*,1857,GELECHIIDAE,GELECHIINAE,Pubitelphusa,latifasciella,,U.S.A.,Missouri,Boone,Ashland Wildlife Area,706,1976,"1M,1F",,,,,,,"Light trap collections. [As ""Telphusa"" on JRH data card. PEK]"
46440,*,1857,GELECHIIDAE,GELECHIINAE,Pubitelphusa,latifasciella,,U.S.A.,Missouri,Cape Girardeau,Trail of Tears State Park,613,1981,"1M,3F",,,"Heitzman, J. Richard",,"Heitzman, J. Richard",,"[As ""Telphusa"" on JRH data card. PEK]"
46441,*,1857,GELECHIIDAE,GELECHIINAE,Pubitelphusa,latifasciella,,U.S.A.,Missouri,Cape Girardeau,Trail of Tears State Park,528,1979,4M,,,"Heitzman, J. Richard",,"Heitzman, J. Richard",,"[As ""Telphusa"" on JRH data card. PEK]"
46460,*,1857,GELECHIIDAE,GELECHIINAE,Pubitelphusa,latifasciella,,U.S.A.,Missouri,Carter,Big Spring National Park,610,1982,4M,,,"Heitzman, J. Richard",,"Heitzman, J. Richard",,"[As ""Telphusa"" on JRH data card. PEK]"
46425,*,1857,GELECHIIDAE,GELECHIINAE,Pubitelphusa,latifasciella,,U.S.A.,Missouri,Clay,Coolie Lake,718,1968,,,,"Heitzman, J. Richard",,"Heitzman, J. Richard",,"[As ""Telphusa"" on JRH data card. PEK]"
46455,*,1857,GELECHIIDAE,GELECHIINAE,Pubitelphusa,latifasciella,,U.S.A.,Missouri,Dent,Salem,609,1982,"2M,1F",,,"Heitzman, J. Richard",,"Heitzman, J. Richard",,"[As ""Telphusa"" on JRH data card. PEK]"
46457,*,1857,GELECHIIDAE,GELECHIINAE,Pubitelphusa,latifasciella,,U.S.A.,Missouri,Dunklin,Ben Cash Wildlife Area,610,1982,"4M,2F",,,"Heitzman, J. Richard",,"Heitzman, J. Richard",,"[As ""Telphusa"" on JRH data card. PEK]"
46445,*,1857,GELECHIIDAE,GELECHIINAE,Pubitelphusa,latifasciella,,U.S.A.,Missouri,Jasper,Sarcoxie,617,1980,1M,,,,,"Letsinger, Rae",,"[As ""Telphusa"" on JRH data card. PEK]"
46446,*,1857,GELECHIIDAE,GELECHIINAE,Pubitelphusa,latifasciella,,U.S.A.,Missouri,Jasper,Sarcoxie,615,1982,1F,,,,,"Letsinger, Rae",,"[As ""Telphusa"" on JRH data card. PEK]"
46447,*,1857,GELECHIIDAE,GELECHIINAE,Pubitelphusa,latifasciella,,U.S.A.,Missouri,Jasper,Sarcoxie,419,1980,1M,,,,,"Letsinger, Rae",,"[As ""Telphusa"" on JRH data card. PEK]"
46448,*,1857,GELECHIIDAE,GELECHIINAE,Pubitelphusa,latifasciella,,U.S.A.,Missouri,Jasper,Sarcoxie,511,1982,1M,,,,,"Letsinger, Rae",,"[As ""Telphusa"" on JRH data card. PEK]"
46461,*,1857,GELECHIIDAE,GELECHIINAE,Pubitelphusa,latifasciella,,U.S.A.,Missouri,Jefferson,Victoria Glades,604,1983,1F,,,,,"Balogh, George",,"As ""Victoria Glade"" on JRH data card. [As ""Telphusa"" on JRH data card. PEK]"
46462,*,1857,GELECHIIDAE,GELECHIINAE,Pubitelphusa,latifasciella,,U.S.A.,Missouri,Jefferson,Victoria Glades,617,1983,1F,,,,,"Balogh, George",,"As ""Victoria Glade"" on JRH data card. [As ""Telphusa"" on JRH data card. PEK]"
46463,*,1857,GELECHIIDAE,GELECHIINAE,Pubitelphusa,latifasciella,,U.S.A.,Arkansas,Madison,Blue Springs Campground,606,1971,4F,,,"Heitzman, J. Richard",,"Heitzman, J. Richard",,"[As ""Telphusa"" on JRH data card. PEK]"
46454,*,1857,GELECHIIDAE,GELECHIINAE,Pubitelphusa,latifasciella,,U.S.A.,Missouri,Maries,Vichy,609,1982,2M,,,"Heitzman, J. Richard",,"Heitzman, J. Richard",,"[As ""Telphusa"" on JRH data card. PEK]"
46435,*,1857,GELECHIIDAE,GELECHIINAE,Pubitelphusa,latifasciella,,U.S.A.,Missouri,Oregon,McCormack Lake off Hwy 19,603,1976,1F,,,,,"G N [Nelson, Gayle H. ?, PEK]",,"G.N. Coll.  As ""McCormick Lake off Hwy 19"" on JRH data card. [As ""Telphusa"" on JRH data card. PEK]"
46458,*,1857,GELECHIIDAE,GELECHIINAE,Pubitelphusa,latifasciella,,U.S.A.,Missouri,Pemiscot,Wolf Bayou Wildlife Area,612,1982,"6M,2F",,,"Heitzman, J. Richard",,"Heitzman, J. Richard",,"[As ""Telphusa"" on JRH data card. PEK]"
46442,*,1857,GELECHIIDAE,GELECHIINAE,Pubitelphusa,latifasciella,,U.S.A.,Missouri,Reynolds,Johnson's Shut-Ins State Park,609,1982,"12M,4F",,,"Heitzman, J. Richard",,"Heitzman, J. Richard",,"[As ""Telphusa"" on JRH data card. PEK]"
46443,*,1857,GELECHIIDAE,GELECHIINAE,Pubitelphusa,latifasciella,,U.S.A.,Missouri,Reynolds,Johnson's Shut-Ins State Park,618,1980,1F,,,"Heitzman, J. Richard",,"Heitzman, J. Richard",,"[As ""Telphusa"" on JRH data card. PEK]"
46444,*,1857,GELECHIIDAE,GELECHIINAE,Pubitelphusa,latifasciella,,U.S.A.,Missouri,Reynolds,Johnson's Shut-Ins State Park,611,1981,"6M,2F",,,"Heitzman, J. Richard",,"Heitzman, J. Richard",,"[As ""Telphusa"" on JRH data card. PEK]"
46456,*,1857,GELECHIIDAE,GELECHIINAE,Pubitelphusa,latifasciella,,U.S.A.,Missouri,Ripley,Sand Pond Wildlife Area,609,1982,"5M,1F",,,"Heitzman, J. Richard",,"Heitzman, J. Richard",,"[As ""Telphusa"" on JRH data card. PEK]"
46436,*,1857,GELECHIIDAE,GELECHIINAE,Pubitelphusa,latifasciella,,U.S.A.,Missouri,Saint Genevieve,Hawn State Park,612,1981,"8M,3F",,,"Heitzman, J. Richard",,"Heitzman, J. Richard",,"[As ""Telphusa"" on JRH data card. PEK]"
46437,*,1857,GELECHIIDAE,GELECHIINAE,Pubitelphusa,latifasciella,,U.S.A.,Missouri,Saint Genevieve,Hawn State Park,616,1978,"2M,1F",,,"Heitzman, J. Richard",,"Heitzman, J. Richard",,"[As ""Telphusa"" on JRH data card. PEK]"
46438,*,1857,GELECHIIDAE,GELECHIINAE,Pubitelphusa,latifasciella,,U.S.A.,Missouri,Saint Genevieve,Hawn State Park,624,1983,2M,,,,,"Balogh, George",,"[As ""Telphusa"" on JRH data card. PEK]"
46439,*,1857,GELECHIIDAE,GELECHIINAE,Pubitelphusa,latifasciella,,U.S.A.,Missouri,Saint Genevieve,Hawn State Park,612,1981,2M,,,,,"Balogh, George",,"(Marked) [As ""Telphusa"" on JRH data card. PEK]"
46432,*,1857,GELECHIIDAE,GELECHIINAE,Pubitelphusa,latifasciella,,U.S.A.,Missouri,Saint Louis,County,,1903,,,,"Murtfeldt, M.",,,,"Proc.U.S.N.M.25:785-786,1903.  ""Murtfeldt has reared both light and dark forms from similar larvae in rolled leaves of oak."" [As ""Telphusa"" on JRH data card. PEK]"
46449,*,1857,GELECHIIDAE,GELECHIINAE,Pubitelphusa,latifasciella,,U.S.A.,Missouri,Saint Louis,Greensfelder County Park,603,1981,4M,,,,,"Balogh, George",,"(not contrasting) [As ""Telphusa"" on JRH data card. PEK]"
46450,*,1857,GELECHIIDAE,GELECHIINAE,Pubitelphusa,latifasciella,,U.S.A.,Missouri,Saint Louis,Greensfelder County Park,603,1981,2M,,,,,"Balogh, George",,"(white) [As ""Telphusa"" on JRH data card. PEK]"
48197,*,1857,GELECHIIDAE,GELECHIINAE,Pubitelphusa,latifasciella,"Winkler, George",U.S.A.,Missouri,Saint Louis,County,605,1992,1,,,"Winkler, George","Winkler, George",Milwaukee Public Museum,,"Olivette, MO and other places in St. Louis County.  Collected in many places including my yard in suburban area. [As ""Telphusa"" on JRH data card. PEK]"
48198,*,1857,GELECHIIDAE,GELECHIINAE,Pubitelphusa,latifasciella,"Winkler, George",U.S.A.,Missouri,Saint Louis,County,606,1992,2,,,"Winkler, George","Winkler, George",Milwaukee Public Museum,,"Olivette, MO and other places in St. Louis County.  Collected in many places including my yard in suburban area. [As ""Telphusa"" on JRH data card. PEK]"
46459,*,1857,GELECHIIDAE,GELECHIINAE,Pubitelphusa,latifasciella,,U.S.A.,Missouri,Scott,General Watkins State Forest,613,1982,"7M,1F",,,"Heitzman, J. Richard",,"Heitzman, J. Richard",,"[As ""Telphusa"" on JRH data card. PEK]"
46453,*,1857,GELECHIIDAE,GELECHIINAE,Pubitelphusa,latifasciella,,U.S.A.,Missouri,Stoddard,Holly Ridge Wildlife Area,611,1982,"12M,4F",,,"Heitzman, J. Richard",,"Heitzman, J. Richard",,"[As ""Telphusa"" on JRH data card. PEK]"
46470,*,1857,GELECHIIDAE,GELECHIINAE,Pubitelphusa,latifasciella,,U.S.A.,Missouri,Warren,County,531,1991,,,,,"Winkler, George",Milwaukee Public Museum,,"[As ""Telphusa"" on JRH data card. PEK]"
48195,*,1857,GELECHIIDAE,GELECHIINAE,Pubitelphusa,latifasciella,"Winkler, George",U.S.A.,Missouri,Warren,"Warrenton, 10 miles S of",531,1991,1,,,"Winkler, George","Winkler, George",Milwaukee Public Museum,,"Hilly and wooded. Very little grassland. [As ""Telphusa"" on JRH data card. PEK]"
48196,*,1857,GELECHIIDAE,GELECHIINAE,Pubitelphusa,latifasciella,"Winkler, George",U.S.A.,Missouri,Warren,"Warrenton, 10 miles S of",619,1992,1,,,"Winkler, George","Winkler, George",Milwaukee Public Museum,,"Hilly and wooded. Very little grassland. [As ""Telphusa"" on JRH data card. PEK]"
46451,*,1857,GELECHIIDAE,GELECHIINAE,Pubitelphusa,latifasciella,,U.S.A.,Missouri,Wayne,Markham Springs Recreation Area,610,1982,"2M,1F",,,"Heitzman, J. Richard",,"Heitzman, J. Richard",,"As ""Markham Springs Nat. Cmpg."" on JRH data card. [As ""Telphusa"" on JRH data card. PEK]"
46452,*,1857,GELECHIIDAE,GELECHIINAE,Pubitelphusa,latifasciella,,U.S.A.,Missouri,Wayne,Markham Springs Recreation Area,721,1984,3M,,,"Heitzman, J. Richard",,"Heitzman, J. Richard",,"As ""Markham Springs Nat. Cmpg."" on JRH data card. [As ""Telphusa"" on JRH data card. PEK]"
45373,*,1019,OECOPHORIDAE,STENOMATINAE,Antaeotricha,humilis,,U.S.A.,Missouri,Atchison,Brickyard Hill Wildlife Area,903,1983,1M,,,"Heitzman, J. Richard",,"Heitzman, J. Richard",,
45395,*,1019,OECOPHORIDAE,STENOMATINAE,Antaeotricha,humilis,,U.S.A.,Missouri,Barry,Roaring River State Park,506,1988,1F,,,,,"Heitzman, J. Richard",,
45339,*,1019,OECOPHORIDAE,STENOMATINAE,Antaeotricha,humilis,,U.S.A.,Missouri,Benton,Warsaw,531,1969,1M,,,"Heitzman, J. Richard",,"Heitzman, J. Richard",,
45340,*,1019,OECOPHORIDAE,STENOMATINAE,Antaeotricha,humilis,,U.S.A.,Missouri,Benton,Warsaw,521,1969,1F,,,"Heitzman, J. Richard",,"Heitzman, J. Richard",,
45341,*,1019,OECOPHORIDAE,STENOMATINAE,Antaeotricha,humilis,,U.S.A.,Missouri,Benton,Warsaw,809,1969,"1M,2F",,,"Heitzman, J. Richard",,"Heitzman, J. Richard",,
45342,*,1019,OECOPHORIDAE,STENOMATINAE,Antaeotricha,humilis,,U.S.A.,Missouri,Benton,Warsaw,808,1968,,,,"Heitzman, J. Richard",,"Heitzman, J. Richard",,
45343,*,1019,OECOPHORIDAE,STENOMATINAE,Antaeotricha,humilis,,U.S.A.,Missouri,Benton,Warsaw,710,1971,,,,"Heitzman, J. Richard",,"Heitzman, J. Richard",,
45344,*,1019,OECOPHORIDAE,STENOMATINAE,Antaeotricha,humilis,,U.S.A.,Missouri,Benton,Warsaw,529,1971,,,,"Heitzman, J. Richard",,"Heitzman, J. Richard",,
45345,*,1019,OECOPHORIDAE,STENOMATINAE,Antaeotricha,humilis,,U.S.A.,Missouri,Benton,Warsaw,808,1968,2M,,,"Heitzman, J. Richard",,"Heitzman, J. Richard",,
45346,*,1019,OECOPHORIDAE,STENOMATINAE,Antaeotricha,humilis,,U.S.A.,Missouri,Benton,Warsaw,710,1971,2M,,,"Heitzman, J. Richard",,"Heitzman, J. Richard",,
45347,*,1019,OECOPHORIDAE,STENOMATINAE,Antaeotricha,humilis,,U.S.A.,Missouri,Benton,Warsaw,805,1971,4M,,,"Heitzman, J. Richard",,"Heitzman, J. Richard",,
45359,*,1019,OECOPHORIDAE,STENOMATINAE,Antaeotricha,humilis,,U.S.A.,Missouri,Boone,Hallsville,802,1967,1M,,,"Craig, W.S.",,"Craig, Wiltred S.",,
45360,*,1019,OECOPHORIDAE,STENOMATINAE,Antaeotricha,humilis,,U.S.A.,Missouri,Boone,Hallsville,802,1965,1M,,,"Craig, W.S.",,"Craig, Wiltred S.",,
45361,*,1019,OECOPHORIDAE,STENOMATINAE,Antaeotricha,humilis,,U.S.A.,Missouri,Boone,Hallsville,801,1967,1M,,,"Craig, W.S.",,"Craig, Wiltred S.",,
45362,*,1019,OECOPHORIDAE,STENOMATINAE,Antaeotricha,humilis,,U.S.A.,Missouri,Boone,Hallsville,807,1965,1M,,,"Craig, W.S.",,"Craig, Wiltred S.",,
45363,*,1019,OECOPHORIDAE,STENOMATINAE,Antaeotricha,humilis,,U.S.A.,Missouri,Boone,Columbia,830,1971,1M,,,"Craig, W.S.",,"Craig, Wiltred S.",,
45380,*,1019,OECOPHORIDAE,STENOMATINAE,Antaeotricha,humilis,,U.S.A.,Missouri,Boone,Ashland Wildlife Area,518,1976,1,,,,,,,Light trap collections.
45381,*,1019,OECOPHORIDAE,STENOMATINAE,Antaeotricha,humilis,,U.S.A.,Missouri,Boone,Ashland Wildlife Area,604,1976,1,,,,,,,Light trap collections.
45382,*,1019,OECOPHORIDAE,STENOMATINAE,Antaeotricha,humilis,,U.S.A.,Missouri,Boone,Ashland Wildlife Area,606,1976,1,,,,,,,Light trap collections.
45383,*,1019,OECOPHORIDAE,STENOMATINAE,Antaeotricha,humilis,,U.S.A.,Missouri,Boone,Ashland Wildlife Area,719,1976,3,,,,,,,Light trap collections.
45384,*,1019,OECOPHORIDAE,STENOMATINAE,Antaeotricha,humilis,,U.S.A.,Missouri,Boone,Ashland Wildlife Area,720,1976,1,,,,,,,Light trap collections.
45385,*,1019,OECOPHORIDAE,STENOMATINAE,Antaeotricha,humilis,,U.S.A.,Missouri,Boone,Ashland Wildlife Area,721,1976,1,,,,,,,Light trap collections.
45386,*,1019,OECOPHORIDAE,STENOMATINAE,Antaeotricha,humilis,,U.S.A.,Missouri,Boone,Ashland Wildlife Area,725,1976,1,,,,,,,Light trap collections.
45387,*,1019,OECOPHORIDAE,STENOMATINAE,Antaeotricha,humilis,,U.S.A.,Missouri,Boone,Ashland Wildlife Area,801,1976,1,,,,,,,Light trap collections.
45388,*,1019,OECOPHORIDAE,STENOMATINAE,Antaeotricha,humilis,,U.S.A.,Missouri,Boone,Ashland Wildlife Area,806,1976,1,,,,,,,Light trap collections.
45389,*,1019,OECOPHORIDAE,STENOMATINAE,Antaeotricha,humilis,,U.S.A.,Missouri,Boone,Ashland Wildlife Area,810,1976,1,,,,,,,Light trap collections.
45390,*,1019,OECOPHORIDAE,STENOMATINAE,Antaeotricha,humilis,,U.S.A.,Missouri,Boone,Ashland Wildlife Area,812,1976,4,,,,,,,Light trap collections.
45391,*,1019,OECOPHORIDAE,STENOMATINAE,Antaeotricha,humilis,,U.S.A.,Missouri,Boone,Ashland Wildlife Area,814,1976,2,,,,,,,Light trap collections.
45392,*,1019,OECOPHORIDAE,STENOMATINAE,Antaeotricha,humilis,,U.S.A.,Missouri,Boone,Ashland Wildlife Area,818,1976,1,,,,,,,Light trap collections.
45393,*,1019,OECOPHORIDAE,STENOMATINAE,Antaeotricha,humilis,,U.S.A.,Missouri,Boone,Ashland Wildlife Area,823,1976,1,,,,,,,Light trap collections.
45394,*,1019,OECOPHORIDAE,STENOMATINAE,Antaeotricha,humilis,,U.S.A.,Missouri,Boone,Ashland Wildlife Area,828,1976,1,,,,,,,Light trap collections.
45376,*,1019,OECOPHORIDAE,STENOMATINAE,Antaeotricha,humilis,,U.S.A.,Missouri,Carter,Pinewoods Lake Campground,602,1984,4M,,,"Heitzman, J. Richard",,"Heitzman, J. Richard",,
45378,*,1019,OECOPHORIDAE,STENOMATINAE,Antaeotricha,humilis,,U.S.A.,Missouri,Carter,Blue Springs State Park,901,1968,,,,"Heitzman, J. Richard",,"Heitzman, J. Richard",,
45379,*,1019,OECOPHORIDAE,STENOMATINAE,Antaeotricha,humilis,,U.S.A.,Missouri,Carter,Blue Springs State Park,606,1971,,,,"Heitzman, J. Richard",,"Heitzman, J. Richard",,
45348,*,1019,OECOPHORIDAE,STENOMATINAE,Antaeotricha,humilis,,U.S.A.,Missouri,Clay,Coolie Lake,722,1972,3M,,,"Heitzman, J. Richard",,"Heitzman, J. Richard",,
45349,*,1019,OECOPHORIDAE,STENOMATINAE,Antaeotricha,humilis,,U.S.A.,Missouri,Clay,Coolie Lake,719,1975,2M,,,"Heitzman, J. Richard",,"Heitzman, J. Richard",,
45350,*,1019,OECOPHORIDAE,STENOMATINAE,Antaeotricha,humilis,,U.S.A.,Missouri,Clay,Coolie Lake,517,1975,1M,,,"Heitzman, J. Richard",,"Heitzman, J. Richard",,
45351,*,1019,OECOPHORIDAE,STENOMATINAE,Antaeotricha,humilis,,U.S.A.,Missouri,Clay,Coolie Lake,718,1968,,,,"Heitzman, J. Richard",,"Heitzman, J. Richard",,
45352,*,1019,OECOPHORIDAE,STENOMATINAE,Antaeotricha,humilis,,U.S.A.,Missouri,Clay,Coolie Lake,518,1972,3M,,,"Heitzman, J. Richard",,"Heitzman, J. Richard",,
45353,*,1019,OECOPHORIDAE,STENOMATINAE,Antaeotricha,humilis,,U.S.A.,Missouri,Clay,Coolie Lake,524,1975,1M,,,"Heitzman, J. Richard",,"Heitzman, J. Richard",,
45354,*,1019,OECOPHORIDAE,STENOMATINAE,Antaeotricha,humilis,,U.S.A.,Missouri,Clay,Watkins Mill State Park,723,1975,1F,,,"Heitzman, J. Richard",,"Heitzman, J. Richard",,
45356,*,1019,OECOPHORIDAE,STENOMATINAE,Antaeotricha,humilis,,U.S.A.,Missouri,Franklin,Meramec State Park,812,1972,1M,,,"Heitzman, J. Richard",,"Heitzman, J. Richard",,
45357,*,1019,OECOPHORIDAE,STENOMATINAE,Antaeotricha,humilis,,U.S.A.,Missouri,Franklin,Meramec State Park,605,1972,1F,,,"Heitzman, J. Richard",,"Heitzman, J. Richard",,
45369,*,1019,OECOPHORIDAE,STENOMATINAE,Antaeotricha,humilis,,U.S.A.,Missouri,Howard,Boone's Lick State Hist. Site,810,1972,2M,,,"Heitzman, J. Richard",,"Heitzman, J. Richard",,"As ""Booneslick State Park"" on JRH data card."
45355,*,1019,OECOPHORIDAE,STENOMATINAE,Antaeotricha,humilis,,U.S.A.,Missouri,Jackson,Independence,713,1971,1M,,,"Heitzman, J. Richard",,"Heitzman, J. Richard",,
45370,*,1019,OECOPHORIDAE,STENOMATINAE,Antaeotricha,humilis,,U.S.A.,Missouri,Jasper,Sarcoxie,522,1978,1M,,,,,"Letsinger, Rae",,
45371,*,1019,OECOPHORIDAE,STENOMATINAE,Antaeotricha,humilis,,U.S.A.,Missouri,Jasper,Sarcoxie,507,1979,1M,,,,,"Letsinger, Rae",,
45372,*,1019,OECOPHORIDAE,STENOMATINAE,Antaeotricha,humilis,,U.S.A.,Missouri,Jasper,Sarcoxie,520,1984,1M,,,,,"Letsinger, Rae",,
45375,*,1019,OECOPHORIDAE,STENOMATINAE,Antaeotricha,humilis,,U.S.A.,Missouri,Jefferson,Victoria Glades Wildlife Area,617,1983,1F,,,,,"Balogh, George",,"As ""Victoria Glade …"" on JRH data card."
10568,*,1019,OECOPHORIDAE,STENOMATINAE,Antaeotricha,humilis,,U.S.A.,Missouri,Lincoln,Cuivre River State Park,,,0,,,"Lill, John",,,,"Environmental Entomology:vol 28,no. 6;pp 1114-1123"
22553,*,1019,OECOPHORIDAE,STENOMATINAE,Antaeotricha,humilis,"Lill, John T.",U.S.A.,Missouri,Lincoln,Cuivre River State Park,,1996,,,,"Lill, John",,,,"Leaf-tying on white oak, Quercus alba.  J. Lepid. Soc. 58(1), 2004, 1-6"
45377,*,1019,OECOPHORIDAE,STENOMATINAE,Antaeotricha,humilis,,U.S.A.,Arkansas,Madison,Blue Springs State Park,503,1969,,,,"Heitzman, J. Richard",,"Heitzman, J. Richard",,
45366,*,1019,OECOPHORIDAE,STENOMATINAE,Antaeotricha,humilis,,U.S.A.,Missouri,Randolph,Rudolf Bennitt Wildlife Area,716,1975,2M,L,Y,,,"Carroll, Mike",,2 male ex larvae 16 July from black oak.  Pupa 28 July. Emgd. 4 Aug. 1975.
45367,*,1019,OECOPHORIDAE,STENOMATINAE,Antaeotricha,humilis,,U.S.A.,Missouri,Randolph,Rudolf Bennitt Wildlife Area,726,1975,1M,L,Y,,,"Carroll, Mike",,1 male ex larvae from shingle oak.  Pupa 26 July. Emgd. 5 Aug. 1975.
48258,*,1019,OECOPHORIDAE,STENOMATINAE,Antaeotricha,humilis,"Winkler, George",U.S.A.,Missouri,Saint Charles,County,515,1992,1,,,"Winkler, George","Winkler, George",Milwaukee Public Museum,,Busch Wildlife Area & other places.  Collected in many places in rural areas where subdivisions are now present. Hilly and wooded but have been cleared for homes. Collected around lighted commercial signs.
45364,*,1019,OECOPHORIDAE,STENOMATINAE,Antaeotricha,humilis,,U.S.A.,Missouri,Saint Louis,Kirkwood,4,1964,,,,,,,,"Proc.U.S.N.M. 116:57,1964,p. 38.  (Map)"
45365,*,1019,OECOPHORIDAE,STENOMATINAE,Antaeotricha,humilis,,U.S.A.,Missouri,Saint Louis,Kirkwood,,1890,,,,"Murtfeldt, M.",,,,"U.S.D.A. Div.Ent.Bull.O.S.23:50,1891.  Larvae attacked by Carabid larvae of Plochionus timidus."
45374,*,1019,OECOPHORIDAE,STENOMATINAE,Antaeotricha,humilis,,U.S.A.,Missouri,Stoddard,Otter Slough Wildlife Area,825,1983,3M,,,"Heitzman, J. Richard",,"Heitzman, J. Richard",,
45368,*,1019,OECOPHORIDAE,STENOMATINAE,Antaeotricha,humilis,,U.S.A.,Missouri,Warren,Danial Boon State Forest,808,1975,1M,L,Y,,,"Carroll, Mike",,1 male ex larvae from white oak.  Emgd. 8 Aug. 1975.
45358,*,1019,OECOPHORIDAE,STENOMATINAE,Antaeotricha,humilis,,U.S.A.,Missouri,Washington,Washington State Park,606,1972,,,,"Heitzman, J. Richard",,"Heitzman, J. Richard",,
65686,*,3725,TORTRICIDAE,TORTRICINAE,Cenopis,pettitana,,U.S.A.,Missouri,?,Clark National Forest,52,1975,"1M,1F",L,Y,,,"Carroll, Mike",,"Emgd. 25 May 1975 - 28 May 1975.  Larvae from Post oak.  No county specified. [As ""3725 Sparganothis pettitana"" on JRH data card. PEK]"
65707,*,3725,TORTRICIDAE,TORTRICINAE,Cenopis,pettitana,,U.S.A.,Missouri,Barry,Roaring River State Park,530,1981,3M,,,,,"Letsinger, Rae",,"[As ""3725 Sparganothis pettitana"" on JRH data card. PEK]"
65708,*,3725,TORTRICIDAE,TORTRICINAE,Cenopis,pettitana,,U.S.A.,Missouri,Barry,Roaring River State Park,606,1981,1M,,,,,"Letsinger, Rae",,"[As ""3725 Sparganothis pettitana"" on JRH data card. PEK]"
65709,*,3725,TORTRICIDAE,TORTRICINAE,Cenopis,pettitana,"Heitzman, J.R.",U.S.A.,Missouri,Barry,Roaring River State Park,605,1982,"11M,3F",,,"Heitzman, J. Richard",,"Heitzman, J. Richard",,"[As ""3725 Sparganothis pettitana"" on JRH data card. PEK]"
65713,*,3725,TORTRICIDAE,TORTRICINAE,Cenopis,pettitana,,U.S.A.,Missouri,Barry,Roaring River State Park,605,1982,1M,,,,,"Balogh, George",,"[As ""3725 Sparganothis pettitana"" on JRH data card. PEK]"
65780,*,3725,TORTRICIDAE,TORTRICINAE,Cenopis,pettitana,,U.S.A.,Missouri,Barry,Roaring River State Park,601,1991,4M,,,,,"Letsinger, Rae",,"[As ""3725 Sparganothis pettitana"" on JRH data card. PEK]"
65781,*,3725,TORTRICIDAE,TORTRICINAE,Cenopis,pettitana,,U.S.A.,Missouri,Barry,Roaring River State Park,530,1987,1M,,,,,"Letsinger, Rae",,"(UV) [As ""3725 Sparganothis pettitana"" on JRH data card. PEK]"
65782,*,3725,TORTRICIDAE,TORTRICINAE,Cenopis,pettitana,,U.S.A.,Missouri,Barry,Roaring River State Park,611,1988,"2M,1F",,,,,"Letsinger, Rae",,"(UV) [As ""3725 Sparganothis pettitana"" on JRH data card. PEK]"
65635,*,3725,TORTRICIDAE,TORTRICINAE,Cenopis,pettitana,"Heitzman, J.R.",U.S.A.,Missouri,Benton,Warsaw,606,1968,,,,"Heitzman, J. Richard",,"Heitzman, J. Richard",,"[As ""3725 Sparganothis pettitana"" on JRH data card. PEK]"
65636,*,3725,TORTRICIDAE,TORTRICINAE,Cenopis,pettitana,"Heitzman, J.R.",U.S.A.,Missouri,Benton,Warsaw,604,1967,,,,"Heitzman, J. Richard",,"Heitzman, J. Richard",,"[As ""3725 Sparganothis pettitana"" on JRH data card. PEK]"
65637,*,3725,TORTRICIDAE,TORTRICINAE,Cenopis,pettitana,"Heitzman, J.R.",U.S.A.,Missouri,Benton,Warsaw,620,1979,,,,"Heitzman, J. Richard",,"Heitzman, J. Richard",,"[As ""3725 Sparganothis pettitana"" on JRH data card. PEK]"
65638,*,3725,TORTRICIDAE,TORTRICINAE,Cenopis,pettitana,"Heitzman, J.R.",U.S.A.,Missouri,Benton,Warsaw,531,1970,2M,,,"Heitzman, J. Richard",,"Heitzman, J. Richard",,"[As ""3725 Sparganothis pettitana"" on JRH data card. PEK]"
65639,*,3725,TORTRICIDAE,TORTRICINAE,Cenopis,pettitana,"Heitzman, J.R.",U.S.A.,Missouri,Benton,Warsaw,529,1970,,,,"Heitzman, J. Richard",,"Heitzman, J. Richard",,"[As ""3725 Sparganothis pettitana"" on JRH data card. PEK]"
65640,*,3725,TORTRICIDAE,TORTRICINAE,Cenopis,pettitana,"Heitzman, J.R.",U.S.A.,Missouri,Benton,Warsaw,601,1973,2M,,,"Heitzman, J. Richard",,"Heitzman, J. Richard",,"[As ""3725 Sparganothis pettitana"" on JRH data card. PEK]"
65641,*,3725,TORTRICIDAE,TORTRICINAE,Cenopis,pettitana,"Heitzman, J.R.",U.S.A.,Missouri,Benton,Warsaw,531,1975,4M,,,"Heitzman, J. Richard",,"Heitzman, J. Richard",,"[As ""3725 Sparganothis pettitana"" on JRH data card. PEK]"
65642,*,3725,TORTRICIDAE,TORTRICINAE,Cenopis,pettitana,"Heitzman, J.R.",U.S.A.,Missouri,Benton,Warsaw,605,1975,"1M,2F",,,"Heitzman, J. Richard",,"Heitzman, J. Richard",,"[As ""3725 Sparganothis pettitana"" on JRH data card. PEK]"
65643,*,3725,TORTRICIDAE,TORTRICINAE,Cenopis,pettitana,"Heitzman, J.R.",U.S.A.,Missouri,Benton,Warsaw,531,1969,,,,"Heitzman, J. Richard",,"Heitzman, J. Richard",,"[As ""3725 Sparganothis pettitana"" on JRH data card. PEK]"
65644,*,3725,TORTRICIDAE,TORTRICINAE,Cenopis,pettitana,"Heitzman, J.R.",U.S.A.,Missouri,Benton,Warsaw,604,1966,,,,"Heitzman, J. Richard",,"Heitzman, J. Richard",,"[As ""3725 Sparganothis pettitana"" on JRH data card. PEK]"
65645,*,3725,TORTRICIDAE,TORTRICINAE,Cenopis,pettitana,"Heitzman, J.R.",U.S.A.,Missouri,Benton,Warsaw,606,1970,"2F,2F",,,"Heitzman, J. Richard",,"Heitzman, J. Richard",,"As ""male male s female female s"" on JRH data card.  [This could mean males and females without specifying a number. PEK] [As ""3725 Sparganothis pettitana"" on JRH data card. PEK]"
65646,*,3725,TORTRICIDAE,TORTRICINAE,Cenopis,pettitana,"Heitzman, J.R.",U.S.A.,Missouri,Benton,Warsaw,609,1971,2M,,,"Heitzman, J. Richard",,"Heitzman, J. Richard",,"[As ""3725 Sparganothis pettitana"" on JRH data card. PEK]"
65647,*,3725,TORTRICIDAE,TORTRICINAE,Cenopis,pettitana,"Heitzman, J.R.",U.S.A.,Missouri,Benton,Warsaw,531,1975,"1M,1F",,,"Heitzman, J. Richard",,"Heitzman, J. Richard",,"[As ""3725 Sparganothis pettitana"" on JRH data card. PEK]"
65683,*,3725,TORTRICIDAE,TORTRICINAE,Cenopis,pettitana,,U.S.A.,Missouri,Boone,Ashland Wildlife Area,602,1975,1F,,,,,"Carroll, Mike",,"[As ""3725 Sparganothis pettitana"" on JRH data card. PEK]"
65684,*,3725,TORTRICIDAE,TORTRICINAE,Cenopis,pettitana,,U.S.A.,Missouri,Boone,Ashland Wildlife Area,531,1975,2M,,,,,"Carroll, Mike",,"[As ""3725 Sparganothis pettitana"" on JRH data card. PEK]"
65685,*,3725,TORTRICIDAE,TORTRICINAE,Cenopis,pettitana,,U.S.A.,Missouri,Boone,Columbia,703,1983,1M,,,,,"Craig, Wiltred S.",,"[As ""3725 Sparganothis pettitana"" on JRH data card. PEK]"
65731,*,3725,TORTRICIDAE,TORTRICINAE,Cenopis,pettitana,,U.S.A.,Missouri,Boone,Ashland Wildlife Area,626,1976,5M,,,,,,,"Light trap collections. [As ""3725 Sparganothis pettitana"" on JRH data card. PEK]"
65732,*,3725,TORTRICIDAE,TORTRICINAE,Cenopis,pettitana,,U.S.A.,Missouri,Boone,Ashland Wildlife Area,630,1976,"1M,1F",,,,,,,"Light trap collections. [As ""3725 Sparganothis pettitana"" on JRH data card. PEK]"
65755,*,3725,TORTRICIDAE,TORTRICINAE,Cenopis,pettitana,,U.S.A.,Missouri,Boone,Ashland Wildlife Area,606,1976,1F,,,,,,,"Light trap collections. [As ""3725 Sparganothis pettitana"" on JRH data card. PEK]"
65756,*,3725,TORTRICIDAE,TORTRICINAE,Cenopis,pettitana,,U.S.A.,Missouri,Boone,Ashland Wildlife Area,607,1976,2M,,,,,,,"Light trap collections. [As ""3725 Sparganothis pettitana"" on JRH data card. PEK]"
65757,*,3725,TORTRICIDAE,TORTRICINAE,Cenopis,pettitana,,U.S.A.,Missouri,Boone,Ashland Wildlife Area,608,1976,2M,,,,,,,"Light trap collections. [As ""3725 Sparganothis pettitana"" on JRH data card. PEK]"
65758,*,3725,TORTRICIDAE,TORTRICINAE,Cenopis,pettitana,,U.S.A.,Missouri,Boone,Ashland Wildlife Area,609,1976,2M,,,,,,,"Light trap collections. [As ""3725 Sparganothis pettitana"" on JRH data card. PEK]"
65759,*,3725,TORTRICIDAE,TORTRICINAE,Cenopis,pettitana,,U.S.A.,Missouri,Boone,Ashland Wildlife Area,610,1976,2M,,,,,,,"Light trap collections. [As ""3725 Sparganothis pettitana"" on JRH data card. PEK]"
65760,*,3725,TORTRICIDAE,TORTRICINAE,Cenopis,pettitana,,U.S.A.,Missouri,Boone,Ashland Wildlife Area,611,1976,2M,,,,,,,"Light trap collections. [As ""3725 Sparganothis pettitana"" on JRH data card. PEK]"
65761,*,3725,TORTRICIDAE,TORTRICINAE,Cenopis,pettitana,,U.S.A.,Missouri,Boone,Ashland Wildlife Area,612,1976,1M,,,,,,,"Light trap collections. [As ""3725 Sparganothis pettitana"" on JRH data card. PEK]"
65762,*,3725,TORTRICIDAE,TORTRICINAE,Cenopis,pettitana,,U.S.A.,Missouri,Boone,Ashland Wildlife Area,613,1976,"2M,1F",,,,,,,"Light trap collections. [As ""3725 Sparganothis pettitana"" on JRH data card. PEK]"
65763,*,3725,TORTRICIDAE,TORTRICINAE,Cenopis,pettitana,,U.S.A.,Missouri,Boone,Ashland Wildlife Area,614,1976,2M,,,,,,,"Light trap collections. [As ""3725 Sparganothis pettitana"" on JRH data card. PEK]"
65764,*,3725,TORTRICIDAE,TORTRICINAE,Cenopis,pettitana,,U.S.A.,Missouri,Boone,Ashland Wildlife Area,615,1976,1M,,,,,,,"Light trap collections. [As ""3725 Sparganothis pettitana"" on JRH data card. PEK]"
65765,*,3725,TORTRICIDAE,TORTRICINAE,Cenopis,pettitana,,U.S.A.,Missouri,Boone,Ashland Wildlife Area,616,1976,3M,,,,,,,"Light trap collections. [As ""3725 Sparganothis pettitana"" on JRH data card. PEK]"
65766,*,3725,TORTRICIDAE,TORTRICINAE,Cenopis,pettitana,,U.S.A.,Missouri,Boone,Ashland Wildlife Area,617,1976,2M,,,,,,,"Light trap collections. [As ""3725 Sparganothis pettitana"" on JRH data card. PEK]"
65767,*,3725,TORTRICIDAE,TORTRICINAE,Cenopis,pettitana,,U.S.A.,Missouri,Boone,Ashland Wildlife Area,618,1976,3M,,,,,,,"Light trap collections. [As ""3725 Sparganothis pettitana"" on JRH data card. PEK]"
65768,*,3725,TORTRICIDAE,TORTRICINAE,Cenopis,pettitana,,U.S.A.,Missouri,Boone,Ashland Wildlife Area,619,1976,2M,,,,,,,"Light trap collections. [As ""3725 Sparganothis pettitana"" on JRH data card. PEK]"
65769,*,3725,TORTRICIDAE,TORTRICINAE,Cenopis,pettitana,,U.S.A.,Missouri,Boone,Ashland Wildlife Area,620,1976,4M,,,,,,,"Light trap collections. [As ""3725 Sparganothis pettitana"" on JRH data card. PEK]"
65770,*,3725,TORTRICIDAE,TORTRICINAE,Cenopis,pettitana,,U.S.A.,Missouri,Boone,Ashland Wildlife Area,621,1976,2M,,,,,,,"Light trap collections. [As ""3725 Sparganothis pettitana"" on JRH data card. PEK]"
65771,*,3725,TORTRICIDAE,TORTRICINAE,Cenopis,pettitana,,U.S.A.,Missouri,Boone,Ashland Wildlife Area,622,1976,3M,,,,,,,"Light trap collections. [As ""3725 Sparganothis pettitana"" on JRH data card. PEK]"
65772,*,3725,TORTRICIDAE,TORTRICINAE,Cenopis,pettitana,,U.S.A.,Missouri,Boone,Ashland Wildlife Area,623,1976,6M,,,,,,,"Light trap collections. [As ""3725 Sparganothis pettitana"" on JRH data card. PEK]"
65773,*,3725,TORTRICIDAE,TORTRICINAE,Cenopis,pettitana,,U.S.A.,Missouri,Boone,Ashland Wildlife Area,624,1976,4M,,,,,,,"Light trap collections. [As ""3725 Sparganothis pettitana"" on JRH data card. PEK]"
65774,*,3725,TORTRICIDAE,TORTRICINAE,Cenopis,pettitana,,U.S.A.,Missouri,Boone,Ashland Wildlife Area,519,1977,2M,,,,,,,"Light trap collections. [As ""3725 Sparganothis pettitana"" on JRH data card. PEK]"
65775,*,3725,TORTRICIDAE,TORTRICINAE,Cenopis,pettitana,,U.S.A.,Missouri,Boone,Ashland Wildlife Area,523,1977,6M,,,,,,,"Light trap collections. [As ""3725 Sparganothis pettitana"" on JRH data card. PEK]"
65776,*,3725,TORTRICIDAE,TORTRICINAE,Cenopis,pettitana,,U.S.A.,Missouri,Boone,Ashland Wildlife Area,525,1977,"4M,1F",,,,,,,"Light trap collections. [As ""3725 Sparganothis pettitana"" on JRH data card. PEK]"
65777,*,3725,TORTRICIDAE,TORTRICINAE,Cenopis,pettitana,,U.S.A.,Missouri,Boone,Ashland Wildlife Area,527,1977,1M,,,,,,,"Light trap collections. [As ""3725 Sparganothis pettitana"" on JRH data card. PEK]"
65778,*,3725,TORTRICIDAE,TORTRICINAE,Cenopis,pettitana,,U.S.A.,Missouri,Boone,Ashland Wildlife Area,530,1977,1F,,,,,,,"Light trap collections. [As ""3725 Sparganothis pettitana"" on JRH data card. PEK]"
65779,*,3725,TORTRICIDAE,TORTRICINAE,Cenopis,pettitana,,U.S.A.,Missouri,Boone,Ashland Wildlife Area,601,1977,1M,,,,,,,"Light trap collections. [As ""3725 Sparganothis pettitana"" on JRH data card. PEK]"
65783,*,3725,TORTRICIDAE,TORTRICINAE,Cenopis,pettitana,,U.S.A.,Missouri,Boone,Columbia,523,1988,1M,L,Y,,,"Craig, Wiltred S.",,"Ex larva on Sugar maple. [As ""3725 Sparganothis pettitana"" on JRH data card. PEK]"
65784,*,3725,TORTRICIDAE,TORTRICINAE,Cenopis,pettitana,,U.S.A.,Missouri,Boone,Columbia,524,1988,1M,L,Y,,,"Craig, Wiltred S.",,"Ex larva on Sugar maple. [As ""3725 Sparganothis pettitana"" on JRH data card. PEK]"
65785,*,3725,TORTRICIDAE,TORTRICINAE,Cenopis,pettitana,,U.S.A.,Missouri,Boone,Columbia,526,1988,1M,L,Y,,,"Craig, Wiltred S.",,"Ex larva on Sugar maple. [As ""3725 Sparganothis pettitana"" on JRH data card. PEK]"
65786,*,3725,TORTRICIDAE,TORTRICINAE,Cenopis,pettitana,,U.S.A.,Missouri,Boone,Columbia,528,1988,1M,L,Y,,,"Craig, Wiltred S.",,"Ex larva on Sugar maple. [As ""3725 Sparganothis pettitana"" on JRH data card. PEK]"
65787,*,3725,TORTRICIDAE,TORTRICINAE,Cenopis,pettitana,,U.S.A.,Missouri,Boone,Columbia,531,1988,1M,,,,,"Craig, Wiltred S.",,"(field collected) [As ""3725 Sparganothis pettitana"" on JRH data card. PEK]"
65687,*,3725,TORTRICIDAE,TORTRICINAE,Cenopis,pettitana,,U.S.A.,Missouri,Butler,Poplar Bluff,522,1958,1M,L,Y,"Buchanan, W.D.",,"Missouri University, Columbia, MO",,"Emgd. 22 May 1958.  Exlarva on Black oak. [As ""3725 Sparganothis pettitana"" on JRH data card. PEK]"
65698,*,3725,TORTRICIDAE,TORTRICINAE,Cenopis,pettitana,"Heitzman, J.R.",U.S.A.,Missouri,Cape Girardeau,Trail of Tears State Park,613,1981,"1M,2F",,,"Heitzman, J. Richard",,"Heitzman, J. Richard",,"[As ""3725 Sparganothis pettitana"" on JRH data card. PEK]"
65711,*,3725,TORTRICIDAE,TORTRICINAE,Cenopis,pettitana,,U.S.A.,Missouri,Cape Girardeau,Trail of Tears State Park,531,1985,1M,,,,,"Balogh, George",,"[As ""3725 Sparganothis pettitana"" on JRH data card. PEK]"
65712,*,3725,TORTRICIDAE,TORTRICINAE,Cenopis,pettitana,,U.S.A.,Missouri,Cape Girardeau,Trail of Tears State Park,529,1983,1M,,,,,"Balogh, George",,"[As ""3725 Sparganothis pettitana"" on JRH data card. PEK]"
65692,*,3725,TORTRICIDAE,TORTRICINAE,Cenopis,pettitana,"Heitzman, J.R.",U.S.A.,Missouri,Carter,Big Spring Park,619,1980,2M,,,"Heitzman, J. Richard",,"Heitzman, J. Richard",,"[As ""3725 Sparganothis pettitana"" on JRH data card. PEK]"
65693,*,3725,TORTRICIDAE,TORTRICINAE,Cenopis,pettitana,"Heitzman, J.R.",U.S.A.,Missouri,Carter,Pinewoods Lake Campground,524,1986,"16M,1F",,,"Heitzman, J. Richard",,"Heitzman, J. Richard",,"[As ""3725 Sparganothis pettitana"" on JRH data card. PEK]"
65694,*,3725,TORTRICIDAE,TORTRICINAE,Cenopis,pettitana,"Heitzman, J.R.",U.S.A.,Missouri,Carter,Pinewoods Lake Campground,608,1984,"3M,1F",,,"Heitzman, J. Richard",,"Heitzman, J. Richard",,"[As ""3725 Sparganothis pettitana"" on JRH data card. PEK]"
65695,*,3725,TORTRICIDAE,TORTRICINAE,Cenopis,pettitana,"Heitzman, J.R.",U.S.A.,Missouri,Carter,Pinewoods Lake Campground,602,1984,4M,,,"Heitzman, J. Richard",,"Heitzman, J. Richard",,"[As ""3725 Sparganothis pettitana"" on JRH data card. PEK]"
65788,*,3725,TORTRICIDAE,TORTRICINAE,Cenopis,pettitana,,U.S.A.,Missouri,Carter,Pinewoods Lake N.F. Campground,528,1987,"3M,8F",,,,,"Heitzman, J. Richard",,"[As ""3725 Sparganothis pettitana"" on JRH data card. PEK]"
65721,*,3725,TORTRICIDAE,TORTRICINAE,Cenopis,pettitana,"Heitzman, J.R.",U.S.A.,Missouri,Dallas,Buffalo,531,1984,2M,,,"Heitzman, J. Richard",,"Heitzman, J. Richard",,"[As ""3725 Sparganothis pettitana"" on JRH data card. PEK]"
65733,*,3725,TORTRICIDAE,TORTRICINAE,Cenopis,pettitana,,U.S.A.,Missouri,Douglas,Vanzant,509,1976,2M,,,,,,,"Light trap collections. [As ""3725 Sparganothis pettitana"" on JRH data card. PEK]"
65734,*,3725,TORTRICIDAE,TORTRICINAE,Cenopis,pettitana,,U.S.A.,Missouri,Douglas,Vanzant,603,1976,1M,,,,,,,"Light trap collections. [As ""3725 Sparganothis pettitana"" on JRH data card. PEK]"
65735,*,3725,TORTRICIDAE,TORTRICINAE,Cenopis,pettitana,,U.S.A.,Missouri,Douglas,Vanzant,609,1976,1M,,,,,,,"Light trap collections. [As ""3725 Sparganothis pettitana"" on JRH data card. PEK]"
65736,*,3725,TORTRICIDAE,TORTRICINAE,Cenopis,pettitana,,U.S.A.,Missouri,Douglas,Vanzant,610,1976,1M,,,,,,,"Light trap collections. [As ""3725 Sparganothis pettitana"" on JRH data card. PEK]"
65737,*,3725,TORTRICIDAE,TORTRICINAE,Cenopis,pettitana,,U.S.A.,Missouri,Douglas,Vanzant,612,1976,2M,,,,,,,"Light trap collections. [As ""3725 Sparganothis pettitana"" on JRH data card. PEK]"
65738,*,3725,TORTRICIDAE,TORTRICINAE,Cenopis,pettitana,,U.S.A.,Missouri,Douglas,Vanzant,524,1977,1M,,,,,,,"Light trap collections. [As ""3725 Sparganothis pettitana"" on JRH data card. PEK]"
65739,*,3725,TORTRICIDAE,TORTRICINAE,Cenopis,pettitana,,U.S.A.,Missouri,Douglas,Vanzant,525,1977,3M,,,,,,,"Light trap collections. [As ""3725 Sparganothis pettitana"" on JRH data card. PEK]"
65740,*,3725,TORTRICIDAE,TORTRICINAE,Cenopis,pettitana,,U.S.A.,Missouri,Douglas,Vanzant,526,1977,2M,,,,,,,"Light trap collections. [As ""3725 Sparganothis pettitana"" on JRH data card. PEK]"
65741,*,3725,TORTRICIDAE,TORTRICINAE,Cenopis,pettitana,,U.S.A.,Missouri,Douglas,Vanzant,527,1977,8M,,,,,,,"Light trap collections. [As ""3725 Sparganothis pettitana"" on JRH data card. PEK]"
65742,*,3725,TORTRICIDAE,TORTRICINAE,Cenopis,pettitana,,U.S.A.,Missouri,Douglas,Vanzant,528,1977,8M,,,,,,,"Light trap collections. [As ""3725 Sparganothis pettitana"" on JRH data card. PEK]"
65743,*,3725,TORTRICIDAE,TORTRICINAE,Cenopis,pettitana,,U.S.A.,Missouri,Douglas,Vanzant,529,1977,"6M,1F",,,,,,,"Light trap collections. [As ""3725 Sparganothis pettitana"" on JRH data card. PEK]"
65744,*,3725,TORTRICIDAE,TORTRICINAE,Cenopis,pettitana,,U.S.A.,Missouri,Douglas,Vanzant,530,1977,5M,,,,,,,"Light trap collections. [As ""3725 Sparganothis pettitana"" on JRH data card. PEK]"
65745,*,3725,TORTRICIDAE,TORTRICINAE,Cenopis,pettitana,,U.S.A.,Missouri,Douglas,Vanzant,531,1977,3M,,,,,,,"Light trap collections. [As ""3725 Sparganothis pettitana"" on JRH data card. PEK]"
65746,*,3725,TORTRICIDAE,TORTRICINAE,Cenopis,pettitana,,U.S.A.,Missouri,Douglas,Vanzant,601,1977,"2M,1F",,,,,,,"Light trap collections. [As ""3725 Sparganothis pettitana"" on JRH data card. PEK]"
65747,*,3725,TORTRICIDAE,TORTRICINAE,Cenopis,pettitana,,U.S.A.,Missouri,Douglas,Vanzant,602,1977,6M,,,,,,,"Light trap collections. [As ""3725 Sparganothis pettitana"" on JRH data card. PEK]"
65748,*,3725,TORTRICIDAE,TORTRICINAE,Cenopis,pettitana,,U.S.A.,Missouri,Douglas,Vanzant,604,1977,"2M,1F",,,,,,,"Light trap collections. [As ""3725 Sparganothis pettitana"" on JRH data card. PEK]"
65749,*,3725,TORTRICIDAE,TORTRICINAE,Cenopis,pettitana,,U.S.A.,Missouri,Douglas,Vanzant,606,1977,"4M,1F",,,,,,,"Light trap collections. [As ""3725 Sparganothis pettitana"" on JRH data card. PEK]"
65750,*,3725,TORTRICIDAE,TORTRICINAE,Cenopis,pettitana,,U.S.A.,Missouri,Douglas,Vanzant,608,1977,"3M,1F",,,,,,,"Light trap collections. [As ""3725 Sparganothis pettitana"" on JRH data card. PEK]"
65751,*,3725,TORTRICIDAE,TORTRICINAE,Cenopis,pettitana,,U.S.A.,Missouri,Douglas,Vanzant,610,1977,3M,,,,,,,"Light trap collections. [As ""3725 Sparganothis pettitana"" on JRH data card. PEK]"
65752,*,3725,TORTRICIDAE,TORTRICINAE,Cenopis,pettitana,,U.S.A.,Missouri,Douglas,Vanzant,611,1977,5M,,,,,,,"Light trap collections. [As ""3725 Sparganothis pettitana"" on JRH data card. PEK]"
65753,*,3725,TORTRICIDAE,TORTRICINAE,Cenopis,pettitana,,U.S.A.,Missouri,Douglas,Vanzant,613,1977,4M,,,,,,,"Light trap collections. [As ""3725 Sparganothis pettitana"" on JRH data card. PEK]"
65754,*,3725,TORTRICIDAE,TORTRICINAE,Cenopis,pettitana,,U.S.A.,Missouri,Douglas,Vanzant,614,1977,1M,,,,,,,"Light trap collections. [As ""3725 Sparganothis pettitana"" on JRH data card. PEK]"
65655,*,3725,TORTRICIDAE,TORTRICINAE,Cenopis,pettitana,"Heitzman, J.R.",U.S.A.,Missouri,Franklin,Meramec State Park,605,1972,"2M,1F",,,"Heitzman, J. Richard",,"Heitzman, J. Richard",,"As ""MeremacState Park"" on JRH data card.  (Hatch)  5,7 June 1972. [As ""3725 Sparganothis pettitana"" on JRH data card. PEK]"
65656,*,3725,TORTRICIDAE,TORTRICINAE,Cenopis,pettitana,"Heitzman, J.R.",U.S.A.,Missouri,Franklin,Meramec State Park,604,1973,4M,,,"Heitzman, J. Richard",,"Heitzman, J. Richard",,"As ""MeremacState Park"" on JRH data card. [As ""3725 Sparganothis pettitana"" on JRH data card. PEK]"
65720,*,3725,TORTRICIDAE,TORTRICINAE,Cenopis,pettitana,"Heitzman, J.R.",U.S.A.,Missouri,Hickory,Preston,531,1984,1M,,,"Heitzman, J. Richard",,"Heitzman, J. Richard",,"[As ""3725 Sparganothis pettitana"" on JRH data card. PEK]"
65648,*,3725,TORTRICIDAE,TORTRICINAE,Cenopis,pettitana,"Heitzman, J.R.",U.S.A.,Missouri,Jackson,Independence,605,1968,,,,"Heitzman, J. Richard",,"Heitzman, J. Richard",,"[As ""3725 Sparganothis pettitana"" on JRH data card. PEK]"
65789,*,3725,TORTRICIDAE,TORTRICINAE,Cenopis,pettitana,,U.S.A.,Missouri,Jackson,Burr Oak Woods Wildlife Area,819,1989,1M,,,,,"Heitzman, J. Richard",,"(UV) [As ""3725 Sparganothis pettitana"" on JRH data card. PEK]"
65664,*,3725,TORTRICIDAE,TORTRICINAE,Cenopis,pettitana,,U.S.A.,Missouri,Jasper,Sarcoxie,623,1973,1F,,,"Letsinger, Rae",,"Letsinger, Rae, data card",,"[As ""3725 Sparganothis pettitana"" on JRH data card. PEK]"
65665,*,3725,TORTRICIDAE,TORTRICINAE,Cenopis,pettitana,,U.S.A.,Missouri,Jasper,Sarcoxie,609,1982,1F,,,,,"Letsinger, Rae",,"[As ""3725 Sparganothis pettitana"" on JRH data card. PEK]"
65666,*,3725,TORTRICIDAE,TORTRICINAE,Cenopis,pettitana,,U.S.A.,Missouri,Jasper,Sarcoxie,608,1982,1F,,,,,"Letsinger, Rae",,"[As ""3725 Sparganothis pettitana"" on JRH data card. PEK]"
65667,*,3725,TORTRICIDAE,TORTRICINAE,Cenopis,pettitana,,U.S.A.,Missouri,Jasper,Sarcoxie,609,1974,1M,,,,,"Letsinger, Rae",,"[As ""3725 Sparganothis pettitana"" on JRH data card. PEK]"
65668,*,3725,TORTRICIDAE,TORTRICINAE,Cenopis,pettitana,,U.S.A.,Missouri,Jasper,Sarcoxie,615,1974,1M,,,,,"Letsinger, Rae",,"[As ""3725 Sparganothis pettitana"" on JRH data card. PEK]"
65669,*,3725,TORTRICIDAE,TORTRICINAE,Cenopis,pettitana,,U.S.A.,Missouri,Jasper,Sarcoxie,605,1982,5M,,,,,"Letsinger, Rae",,"[As ""3725 Sparganothis pettitana"" on JRH data card. PEK]"
47892,*,3725,TORTRICIDAE,TORTRICINAE,Cenopis,pettitana,"Winkler, George",U.S.A.,Missouri,Jefferson,Imperial and other locations,615,1996,1,,,"Winkler, George","Winkler, George",Milwaukee Public Museum,,Collected in many places. Set up sheets and black light on grassy areas along lightly traveled roads. Also collected at our home - hilly wooded area with subdivisions/homes added over the years.
65662,*,3725,TORTRICIDAE,TORTRICINAE,Cenopis,pettitana,,U.S.A.,Missouri,Jefferson,Lake Wauwanoka,609,1968,1M,,,,"Littahorsky, Anton","Canadian National Collection, Ottawa",,"As ""Saint Louis Co."" on JRH data card. [As ""3725 Sparganothis pettitana"" on JRH data card. PEK]"
65704,*,3725,TORTRICIDAE,TORTRICINAE,Cenopis,pettitana,,U.S.A.,Missouri,Jefferson,Victoria Glades,624,1982,1M,,,,,"Balogh, George",,"As ""Victoria Glade"" on JRH data card. [As ""3725 Sparganothis pettitana"" on JRH data card. PEK]"
65705,*,3725,TORTRICIDAE,TORTRICINAE,Cenopis,pettitana,,U.S.A.,Missouri,Jefferson,Victoria Glades,605,1981,1M,,,,,"Balogh, George",,"As ""Victoria Glade"" on JRH data card. [As ""3725 Sparganothis pettitana"" on JRH data card. PEK]"
65706,*,3725,TORTRICIDAE,TORTRICINAE,Cenopis,pettitana,,U.S.A.,Missouri,Jefferson,Victoria Glades,617,1983,3M,,,,,"Balogh, George",,"As ""Victoria Glade"" on JRH data card. [As ""3725 Sparganothis pettitana"" on JRH data card. PEK]"
65675,*,3725,TORTRICIDAE,TORTRICINAE,Cenopis,pettitana,,U.S.A.,Missouri,Lewis,"Canton, 1 mile south of",612,1977,1M,,,,,"Dykstra, Michael",,"[As ""3725 Sparganothis pettitana"" on JRH data card. PEK]"
65676,*,3725,TORTRICIDAE,TORTRICINAE,Cenopis,pettitana,,U.S.A.,Missouri,Lewis,"Canton, 1 mile south of",524,1977,1M,,,,,"Dykstra, Michael",,"[As ""3725 Sparganothis pettitana"" on JRH data card. PEK]"
65677,*,3725,TORTRICIDAE,TORTRICINAE,Cenopis,pettitana,,U.S.A.,Missouri,Lewis,"Canton, 1 mile south of",604,1976,1M,,,,,"Dykstra, Michael",,"[As ""3725 Sparganothis pettitana"" on JRH data card. PEK]"
65678,*,3725,TORTRICIDAE,TORTRICINAE,Cenopis,pettitana,,U.S.A.,Missouri,Lewis,"Canton, 1 mile south of",523,1977,2M,,,,,"Dykstra, Michael",,"[As ""3725 Sparganothis pettitana"" on JRH data card. PEK]"
65679,*,3725,TORTRICIDAE,TORTRICINAE,Cenopis,pettitana,,U.S.A.,Missouri,Lewis,"Canton, 1 mile south of",610,1976,3M,,,,,"Dykstra, Michael",,"[As ""3725 Sparganothis pettitana"" on JRH data card. PEK]"
65680,*,3725,TORTRICIDAE,TORTRICINAE,Cenopis,pettitana,,U.S.A.,Missouri,Lewis,"Canton, 1 mile south of",527,1976,1M,,,,,"Dykstra, Michael",,"[As ""3725 Sparganothis pettitana"" on JRH data card. PEK]"
65681,*,3725,TORTRICIDAE,TORTRICINAE,Cenopis,pettitana,,U.S.A.,Missouri,Lewis,"Canton, 1 mile south of",624,1977,1F,,,,,"Dykstra, Michael",,"[As ""3725 Sparganothis pettitana"" on JRH data card. PEK]"
65682,*,3725,TORTRICIDAE,TORTRICINAE,Cenopis,pettitana,,U.S.A.,Missouri,Lewis,"Canton, 1 mile south of",519,1977,1M,,,,,"Dykstra, Michael",,"[As ""3725 Sparganothis pettitana"" on JRH data card. PEK]"
65670,*,3725,TORTRICIDAE,TORTRICINAE,Cenopis,pettitana,"Heitzman, J.R.",U.S.A.,Missouri,Montgomery,Graham Cave State Park,607,1975,5M,,,"Heitzman, J. Richard",,"Heitzman, J. Richard",,"[As ""3725 Sparganothis pettitana"" on JRH data card. PEK]"
65696,*,3725,TORTRICIDAE,TORTRICINAE,Cenopis,pettitana,"Heitzman, J.R.",U.S.A.,Missouri,Morgan,Lake of the Ozarks near Stover,616,1984,"3M,1F",,,"Heitzman, J. Richard",,"Heitzman, J. Richard",,"[As ""3725 Sparganothis pettitana"" on JRH data card. PEK]"
65697,*,3725,TORTRICIDAE,TORTRICINAE,Cenopis,pettitana,"Heitzman, J.R.",U.S.A.,Missouri,Morgan,Lake of the Ozarks near Stover,608,1981,"12M,2F",,,"Heitzman, J. Richard",,"Heitzman, J. Richard",,"[As ""3725 Sparganothis pettitana"" on JRH data card. PEK]"
65714,*,3725,TORTRICIDAE,TORTRICINAE,Cenopis,pettitana,"Heitzman, J.R.",U.S.A.,Missouri,Pettis,Sedalia,617,1984,1M,,,"Heitzman, J. Richard",,"Heitzman, J. Richard",,"[As ""3725 Sparganothis pettitana"" on JRH data card. PEK]"
65663,*,3725,TORTRICIDAE,TORTRICINAE,Cenopis,pettitana,,U.S.A.,Missouri,Pike,Louisiana,609,1925,1F,,,"Rowley, R.R.",,"Missouri University, Columbia, MO",,"[As ""3725 Sparganothis pettitana"" on JRH data card. PEK]"
65654,*,3725,TORTRICIDAE,TORTRICINAE,Cenopis,pettitana,,U.S.A.,Missouri,Randolph,Moberly,601,1960,3F,L,Y,"Munson, R.E.",,"Missouri University, Columbia, MO",,"Ex larvae on Quercus. [As ""3725 Sparganothis pettitana"" on JRH data card. PEK]"
65688,*,3725,TORTRICIDAE,TORTRICINAE,Cenopis,pettitana,"Heitzman, J.R.",U.S.A.,Missouri,Reynolds,Johnson's Shut-Ins State Park,609,1982,"17M,3F",,,"Heitzman, J. Richard",,"Heitzman, J. Richard",,"[As ""3725 Sparganothis pettitana"" on JRH data card. PEK]"
65689,*,3725,TORTRICIDAE,TORTRICINAE,Cenopis,pettitana,"Heitzman, J.R.",U.S.A.,Missouri,Reynolds,Johnson's Shut-Ins State Park,611,1981,"12M,4F",,,"Heitzman, J. Richard",,"Heitzman, J. Richard",,"[As ""3725 Sparganothis pettitana"" on JRH data card. PEK]"
65690,*,3725,TORTRICIDAE,TORTRICINAE,Cenopis,pettitana,"Heitzman, J.R.",U.S.A.,Missouri,Reynolds,Johnson's Shut-Ins State Park,618,1980,"24M,6F",,,"Heitzman, J. Richard",,"Heitzman, J. Richard",,"[As ""3725 Sparganothis pettitana"" on JRH data card. PEK]"
65691,*,3725,TORTRICIDAE,TORTRICINAE,Cenopis,pettitana,"Heitzman, J.R.",U.S.A.,Missouri,Reynolds,Johnson's Shut-Ins State Park,723,1984,4M,,,"Heitzman, J. Richard",,"Heitzman, J. Richard",,"[As ""3725 Sparganothis pettitana"" on JRH data card. PEK]"
47895,*,3725,TORTRICIDAE,TORTRICINAE,Cenopis,pettitana,"Winkler, George",U.S.A.,Missouri,Saint Charles,County,611,1993,2,,,"Winkler, George","Winkler, George",Milwaukee Public Museum,,Busch Wildlife Area & other places.  Collected in many places in rural areas where subdivisions are now present. Hilly and wooded but have been cleared for homes. Collected around lighted commercial signs.
47897,*,3725,TORTRICIDAE,TORTRICINAE,Cenopis,pettitana,"Winkler, George",U.S.A.,Missouri,Saint Charles,County,703,1993,1,,,"Winkler, George","Winkler, George",Milwaukee Public Museum,,Busch Wildlife Area & other places.  Collected in many places in rural areas where subdivisions are now present. Hilly and wooded but have been cleared for homes. Collected around lighted commercial signs.
65790,*,3725,TORTRICIDAE,TORTRICINAE,Cenopis,pettitana,,U.S.A.,Missouri,Saint Charles,Foristell,414,1989,1M,,,"Ely, Charles",,,,"As ""Florestell, St. Charles Co."" on JRH data card. [As ""3725 Sparganothis pettitana"" on JRH data card. PEK]"
19602,*,3725,TORTRICIDAE,TORTRICINAE,Cenopis,pettitana,"Thoma, Richard S.",U.S.A.,Missouri,Saint Francois,Saint Francois State Park,516,1992,1,L,,,,"Thoma, Richard S. pinned",,"RST CD to PEK dated 2/28/03.  Spec. 3374.  pupated May 21, 1992, emerged June 3, 1992.  Carya ovata leaf.  rolled in the leaf as a pupae. [As ""3725 Sparganothis pettitana"" on JRH data card. PEK]"
65671,*,3725,TORTRICIDAE,TORTRICINAE,Cenopis,pettitana,"Heitzman, J.R.",U.S.A.,Missouri,Saint Genevieve,Hawn State Park,604,1977,"4M,1F",,,"Heitzman, J. Richard",,"Heitzman, J. Richard",,"[As ""3725 Sparganothis pettitana"" on JRH data card. PEK]"
65672,*,3725,TORTRICIDAE,TORTRICINAE,Cenopis,pettitana,"Heitzman, J.R.",U.S.A.,Missouri,Saint Genevieve,Hawn State Park,530,1977,5M,,,"Heitzman, J. Richard",,"Heitzman, J. Richard",,"[As ""3725 Sparganothis pettitana"" on JRH data card. PEK]"
65673,*,3725,TORTRICIDAE,TORTRICINAE,Cenopis,pettitana,,U.S.A.,Missouri,Saint Genevieve,Hawn State Park,610,1983,2M,,,,,"Balogh, George",,"[As ""3725 Sparganothis pettitana"" on JRH data card. PEK]"
65674,*,3725,TORTRICIDAE,TORTRICINAE,Cenopis,pettitana,,U.S.A.,Missouri,Saint Genevieve,Hawn State Park,624,1983,1M,,,,,"Balogh, George",,"[As ""3725 Sparganothis pettitana"" on JRH data card. PEK]"
47896,*,3725,TORTRICIDAE,TORTRICINAE,Cenopis,pettitana,"Winkler, George",U.S.A.,Missouri,Saint Louis,County,611,1995,1,,,"Winkler, George","Winkler, George",Milwaukee Public Museum,,"Olivette, MO and other places in St. Louis County.  Collected in many places including my yard in suburban area. [As ""3725 Sparganothis pettitana"" on JRH data card. PEK]"
65649,*,3725,TORTRICIDAE,TORTRICINAE,Cenopis,pettitana,"Heitzman, J.R.",U.S.A.,Missouri,Saint Louis,Six Flags over Mid America,602,1972,,,,"Heitzman, J. Richard",,"Heitzman, J. Richard",,"As ""Six Flags"" on JRH data card. [As ""3725 Sparganothis pettitana"" on JRH data card. PEK]"
65650,*,3725,TORTRICIDAE,TORTRICINAE,Cenopis,pettitana,,U.S.A.,Missouri,Saint Louis,Rockwoods Reservation,604,1942,1F,,,"O'Byrne, H.I.",,"Missouri University, Columbia, MO",,"As ""Rockwoods Reserve"" on JRH data card. [As ""3725 Sparganothis pettitana"" on JRH data card. PEK]"
65651,*,3725,TORTRICIDAE,TORTRICINAE,Cenopis,pettitana,,U.S.A.,Missouri,Saint Louis,Valley Park,608,1924,1M,,,"Meiners, E.P.",,"Missouri University, Columbia, MO",,"[As ""3725 Sparganothis pettitana"" on JRH data card. PEK]"
65652,*,3725,TORTRICIDAE,TORTRICINAE,Cenopis,pettitana,,U.S.A.,Missouri,Saint Louis,Valley Park,620,1926,2F,,,"Meiners, E.P.",,"Missouri University, Columbia, MO",,"[As ""3725 Sparganothis pettitana"" on JRH data card. PEK]"
65653,*,3725,TORTRICIDAE,TORTRICINAE,Cenopis,pettitana,,U.S.A.,Missouri,Saint Louis,Creve Coeur Lake,6,1924,1M,,,"O'Byrne, H.I.",,"Missouri University, Columbia, MO",,"[As ""3725 Sparganothis pettitana"" on JRH data card. PEK]"
65659,*,3725,TORTRICIDAE,TORTRICINAE,Cenopis,pettitana,,U.S.A.,Missouri,Saint Louis,Saint Louis,521,1903,1M,,,"Heink, C.L.",,"Missouri University, Columbia, MO",,"[As ""3725 Sparganothis pettitana"" on JRH data card. PEK]"
65660,*,3725,TORTRICIDAE,TORTRICINAE,Cenopis,pettitana,,U.S.A.,Missouri,Saint Louis,Saint Louis,604,1921,1F,,,"Meiners, E.P.",,"Missouri University, Columbia, MO",,"[As ""3725 Sparganothis pettitana"" on JRH data card. PEK]"
65661,*,3725,TORTRICIDAE,TORTRICINAE,Cenopis,pettitana,"Heitzman, J.R.",U.S.A.,Missouri,Saint Louis,Babler State Park,606,1973,2M,,,"Heitzman, J. Richard",,"Heitzman, J. Richard",,"[As ""3725 Sparganothis pettitana"" on JRH data card. PEK]"
65699,*,3725,TORTRICIDAE,TORTRICINAE,Cenopis,pettitana,,U.S.A.,Missouri,Saint Louis,Greensfelder County Park,528,1981,2M,,,,,"Balogh, George",,"[As ""3725 Sparganothis pettitana"" on JRH data card. PEK]"
65700,*,3725,TORTRICIDAE,TORTRICINAE,Cenopis,pettitana,,U.S.A.,Missouri,Saint Louis,Greensfelder County Park,603,1981,1M,,,,,"Balogh, George",,"[As ""3725 Sparganothis pettitana"" on JRH data card. PEK]"
65701,*,3725,TORTRICIDAE,TORTRICINAE,Cenopis,pettitana,,U.S.A.,Missouri,Saint Louis,Greensfelder County Park,531,1982,1M,P,Y,,,"Balogh, George",,"1 pupa found on Spicebush 31 May 1982.  Emgd. 6 June 1982. [As ""3725 Sparganothis pettitana"" on JRH data card. PEK]"
65702,*,3725,TORTRICIDAE,TORTRICINAE,Cenopis,pettitana,,U.S.A.,Missouri,Saint Louis,Greensfelder County Park,531,1982,1F,P,Y,,,"Balogh, George",,"1 pupa found in rolled up oak leaf 31 May 1982.  Emgd. 1 June 1982. [As ""3725 Sparganothis pettitana"" on JRH data card. PEK]"
65724,*,3725,TORTRICIDAE,TORTRICINAE,Cenopis,pettitana,"Heitzman, J.R.",U.S.A.,Missouri,Shannon,Winona,606,1984,2M,,,"Heitzman, J. Richard",,"Heitzman, J. Richard",,"[As ""3725 Sparganothis pettitana"" on JRH data card. PEK]"
65634,*,3725,TORTRICIDAE,TORTRICINAE,Cenopis,pettitana,"Murtfeldt, Mary E.",U.S.A.,Missouri,State,State,,1882,,,,,,,,"Trans.Amer.Ent.Soc.10:21,1882. Oak, hickory, rose. [As ""3725 Sparganothis pettitana"" on JRH data card. PEK]"
47893,*,3725,TORTRICIDAE,TORTRICINAE,Cenopis,pettitana,"Winkler, George",U.S.A.,Missouri,Stoddard,Mingo National Wildlife Refuge,509,2001,1,,,"Winkler, George","Winkler, George",Milwaukee Public Museum,,"Wooded, hilly areas and swampland. [As ""3725 Sparganothis pettitana"" on JRH data card. PEK]"
65710,*,3725,TORTRICIDAE,TORTRICINAE,Cenopis,pettitana,"Heitzman, J.R.",U.S.A.,Missouri,Stoddard,Holly Ridge Wildlife Area,609,1982,"17M,3F",,,"Heitzman, J. Richard",,"Heitzman, J. Richard",,"[As ""3725 Sparganothis pettitana"" on JRH data card. PEK]"
65715,*,3725,TORTRICIDAE,TORTRICINAE,Cenopis,pettitana,"Heitzman, J.R.",U.S.A.,Missouri,Stoddard,Otter Slough Wildlife Area,601,1984,4M,,,"Heitzman, J. Richard",,"Heitzman, J. Richard",,"[As ""3725 Sparganothis pettitana"" on JRH data card. PEK]"
65723,*,3725,TORTRICIDAE,TORTRICINAE,Cenopis,pettitana,"Heitzman, J.R.",U.S.A.,Missouri,Texas,Cabool,609,1984,"1M,1F",,,"Heitzman, J. Richard",,"Heitzman, J. Richard",,"[As ""3725 Sparganothis pettitana"" on JRH data card. PEK]"
47898,*,3725,TORTRICIDAE,TORTRICINAE,Cenopis,pettitana,"Winkler, George",U.S.A.,Missouri,Warren,"Warrenton, 10 miles S of",615,1990,2,,,"Winkler, George","Winkler, George",Milwaukee Public Museum,,"Hilly and wooded. Very little grassland. [As ""3725 Sparganothis pettitana"" on JRH data card. PEK]"
65657,*,3725,TORTRICIDAE,TORTRICINAE,Cenopis,pettitana,"Heitzman, J.R.",U.S.A.,Missouri,Washington,Washington State Park,606,1972,"2M,1F",,,"Heitzman, J. Richard",,"Heitzman, J. Richard",,"(Hatch) [As ""3725 Sparganothis pettitana"" on JRH data card. PEK]"
65658,*,3725,TORTRICIDAE,TORTRICINAE,Cenopis,pettitana,"Heitzman, J.R.",U.S.A.,Missouri,Washington,Washington State Park,605,1973,5M,,,"Heitzman, J. Richard",,"Heitzman, J. Richard",,"5,7 June 1973. [As ""3725 Sparganothis pettitana"" on JRH data card. PEK]"
65703,*,3725,TORTRICIDAE,TORTRICINAE,Cenopis,pettitana,"Heitzman, J.R.",U.S.A.,Arkansas,Washington,Blue Springs Campground,527,1972,1M,,,"Heitzman, J. Richard",,"Heitzman, J. Richard",,"[As ""3725 Sparganothis pettitana"" on JRH data card. PEK]"
47894,*,3725,TORTRICIDAE,TORTRICINAE,Cenopis,pettitana,"Winkler, George",U.S.A.,Missouri,Wayne,Mingo National Wildlife Refuge,509,2002,1,,,"Winkler, George","Winkler, George",Milwaukee Public Museum,,"Wooded, hilly areas and swampland [As ""3725 Sparganothis pettitana"" on JRH data card. PEK]"
65716,*,3725,TORTRICIDAE,TORTRICINAE,Cenopis,pettitana,"Heitzman, J.R.",U.S.A.,Missouri,Wayne,Markham Springs Recreation Area,602,1986,"7M,1F",,,"Heitzman, J. Richard",,"Heitzman, J. Richard",,"As ""Markham Springs Cmpg."" on JRH data card. [As ""3725 Sparganothis pettitana"" on JRH data card. PEK]"
65717,*,3725,TORTRICIDAE,TORTRICINAE,Cenopis,pettitana,"Heitzman, J.R.",U.S.A.,Missouri,Wayne,Markham Springs Recreation Area,525,1986,"6M,1F",,,"Heitzman, J. Richard",,"Heitzman, J. Richard",,"As ""Markham Springs Cmpg."" on JRH data card. [As ""3725 Sparganothis pettitana"" on JRH data card. PEK]"
65718,*,3725,TORTRICIDAE,TORTRICINAE,Cenopis,pettitana,"Heitzman, J.R.",U.S.A.,Missouri,Wayne,Markham Springs Recreation Area,607,1984,3M,,,"Heitzman, J. Richard",,"Heitzman, J. Richard",,"As ""Markham Springs Cmpg."" on JRH data card. [As ""3725 Sparganothis pettitana"" on JRH data card. PEK]"
65719,*,3725,TORTRICIDAE,TORTRICINAE,Cenopis,pettitana,,U.S.A.,Missouri,Wayne,"Piedmont, 8 miles east of",526,1986,1M,,,,,"Webber, Hiltrud M.",,"[As ""3725 Sparganothis pettitana"" on JRH data card. PEK]"
65725,*,3725,TORTRICIDAE,TORTRICINAE,Cenopis,pettitana,"Heitzman, J.R.",U.S.A.,Missouri,Wayne,Sam A. Baker State Park,602,1986,"12M,2F",,,"Heitzman, J. Richard",,"Heitzman, J. Richard",,"[As ""3725 Sparganothis pettitana"" on JRH data card. PEK]"
65726,*,3725,TORTRICIDAE,TORTRICINAE,Cenopis,pettitana,,U.S.A.,Missouri,Wayne,"Piedmont, 8 miles east of",531,1986,"2M,2F",,,,,"Webber, Hiltrud M.",,"[Two records on JRH data card combined here. One has 2M,1F and the other has 1F. PEK] [As ""3725 Sparganothis pettitana"" on JRH data card. PEK]"
65727,*,3725,TORTRICIDAE,TORTRICINAE,Cenopis,pettitana,,U.S.A.,Missouri,Wayne,"Piedmont, 8 miles east of",613,1986,2M,,,,,"Webber, Hiltrud M.",,"[As ""3725 Sparganothis pettitana"" on JRH data card. PEK]"
65728,*,3725,TORTRICIDAE,TORTRICINAE,Cenopis,pettitana,,U.S.A.,Missouri,Wayne,"Piedmont, 8 miles east of",601,1986,1M,,,,,"Webber, Hiltrud M.",,"[As ""3725 Sparganothis pettitana"" on JRH data card. PEK]"
65729,*,3725,TORTRICIDAE,TORTRICINAE,Cenopis,pettitana,,U.S.A.,Missouri,Wayne,"Piedmont, 8 miles east of",524,1986,2M,,,,,"Webber, Hiltrud M.",,"[As ""3725 Sparganothis pettitana"" on JRH data card. PEK]"
65730,*,3725,TORTRICIDAE,TORTRICINAE,Cenopis,pettitana,,U.S.A.,Missouri,Wayne,"Piedmont, 8 miles east of",526,1986,"4M,1F",,,,,"Webber, Hiltrud M.",,"[As ""3725 Sparganothis pettitana"" on JRH data card. PEK]"
65791,*,3725,TORTRICIDAE,TORTRICINAE,Cenopis,pettitana,,U.S.A.,Missouri,Wayne,Markham Springs Recreation Area,618,1988,1F,,,,,"Heitzman, J. Richard",,"As ""Markham Springs N.F.Campground."" on JRH data card. [As ""3725 Sparganothis pettitana"" on JRH data card. PEK]"
65792,*,3725,TORTRICIDAE,TORTRICINAE,Cenopis,pettitana,,U.S.A.,Missouri,Wayne,Markham Springs Recreation Area,527,1987,2M,,,,,"Heitzman, J. Richard",,"As ""Markham Springs N.F.Campground."" on JRH data card. [As ""3725 Sparganothis pettitana"" on JRH data card. PEK]"
65793,*,3725,TORTRICIDAE,TORTRICINAE,Cenopis,pettitana,,U.S.A.,Missouri,Wayne,Markham Springs Recreation Area,617,1988,"2M,1F",,,,,"Heitzman, J. Richard",,"As ""Markham Springs N.F.Campground."" on JRH data card. [As ""3725 Sparganothis pettitana"" on JRH data card. PEK]"
65794,*,3725,TORTRICIDAE,TORTRICINAE,Cenopis,pettitana,,U.S.A.,Missouri,Wayne,"Patterson, 2.5 miles SW of",529,1987,4M,,,,,"Heitzman, J. Richard",,"[As ""3725 Sparganothis pettitana"" on JRH data card. PEK]"
65795,*,3725,TORTRICIDAE,TORTRICINAE,Cenopis,pettitana,,U.S.A.,Missouri,Wayne,"Patterson, 2.5 miles SW of",616,1988,"21M,7F",,,,,"Heitzman, J. Richard",,"[As ""3725 Sparganothis pettitana"" on JRH data card. PEK]"
65796,*,3725,TORTRICIDAE,TORTRICINAE,Cenopis,pettitana,,U.S.A.,Missouri,Wayne,Sam A. Baker State Park,526,1987,"36M,3F",,,,,"Heitzman, J. Richard",,"[As ""3725 Sparganothis pettitana"" on JRH data card. PEK]"
65722,*,3725,TORTRICIDAE,TORTRICINAE,Cenopis,pettitana,"Heitzman, J.R.",U.S.A.,Missouri,Wright,Mountain Grove,606,1984,2M,,,"Heitzman, J. Richard",,"Heitzman, J. Richard",,"[As ""3725 Sparganothis pettitana"" on JRH data card. PEK]"
65797,*,3725,TORTRICIDAE,TORTRICINAE,Cenopis,pettitana,,U.S.A.,Missouri,Wright,Mountain Grove,601,1984,1M,L,Y,"Townsend, H.G.",,"Southwest Missouri State U., Ex. St.",,"Ex larva on English walnut. [As ""3725 Sparganothis pettitana"" on JRH data card. PEK]"
